{
  "farmersdelight:main/root": {
    "criteria": {
      "seeds": "2023-03-04 12:34:08 +0200"
    },
    "done": true
  },
  "betterdungeons:root": {
    "criteria": {
      "always": "2023-03-04 11:18:16 +0200"
    },
    "done": true
  },
  "betterdeserttemples:root": {
    "criteria": {
      "always": "2023-03-04 11:18:16 +0200"
    },
    "done": true
  },
  "create:root": {
    "criteria": {
      "0": "2023-03-04 12:34:08 +0200"
    },
    "done": true
  },
  "naturescompass:natures_compass_log": {
    "criteria": {
      "has_recipe": "2023-03-04 11:18:16 +0200"
    },
    "done": true
  },
  "minecraft:end/elytra": {
    "criteria": {
      "elytra": "2023-03-04 12:34:08 +0200"
    },
    "done": true
  },
  "naturescompass:natures_compass_sapling": {
    "criteria": {
      "has_recipe": "2023-03-04 11:18:16 +0200"
    },
    "done": true
  },
  "minecraft:adventure/adventuring_time": {
    "criteria": {
      "minecraft:frozen_river": "2023-03-04 12:39:14 +0200",
      "minecraft:river": "2023-03-04 12:58:38 +0200",
      "minecraft:snowy_plains": "2023-03-04 11:18:21 +0200",
      "minecraft:snowy_taiga": "2023-03-04 12:34:36 +0200",
      "minecraft:forest": "2023-03-04 12:58:39 +0200",
      "minecraft:plains": "2023-03-04 12:58:34 +0200"
    },
    "done": false
  },
  "naturescompass:natures_compass": {
    "criteria": {
      "has_recipe": "2023-03-04 11:18:16 +0200"
    },
    "done": true
  },
  "DataVersion": 3120
}