{"stats":{"minecraft:custom":{"minecraft:jump":99,"minecraft:time_since_rest":8666,"minecraft:leave_game":2,"minecraft:play_time":8666,"minecraft:sprint_one_cm":3318,"minecraft:time_since_death":8666,"minecraft:walk_on_water_one_cm":2405,"minecraft:walk_one_cm":16336,"minecraft:sneak_time":45,"minecraft:total_world_time":48369,"minecraft:walk_under_water_one_cm":9871,"minecraft:fly_one_cm":21556,"minecraft:aviate_one_cm":903032},"minecraft:used":{"minecraft:firework_rocket":225}},"DataVersion":3120}